Age,Gender,Weight (kg),Height (m),BMI,Calories_Burned,Workout_Frequency (days/week),Session_Duration (hours),Experience_Level
56,Male,88.3,1.71,30.2,1313.0,4,1.69,3
46,Female,74.9,1.53,32.0,883.0,4,1.3,2
32,Female,68.1,1.66,24.71,677.0,4,1.11,2
25,Male,53.2,1.7,18.41,532.0,3,0.59,1
38,Male,46.1,1.79,14.39,556.0,3,0.64,1
56,Female,58.0,1.68,20.55,1116.0,5,1.59,3
36,Male,70.3,1.72,23.76,1385.0,3,1.49,2
40,Female,69.7,1.51,30.57,895.0,3,1.27,2
28,Male,121.7,1.94,32.34,719.0,4,1.03,2
28,Male,101.8,1.84,30.07,808.0,3,1.08,1
41,Male,120.8,1.67,43.31,593.0,2,0.82,1
53,Male,51.7,1.7,17.89,865.0,3,1.15,2
57,Male,112.5,1.61,43.4,1013.0,3,1.24,2
41,Male,94.5,2.0,23.62,794.0,3,1.18,1
20,Male,117.7,1.81,35.93,1195.0,3,1.35,2
39,Female,42.5,1.75,13.88,740.0,2,1.13,1
19,Female,64.0,1.53,27.34,1111.0,3,1.33,2
41,Female,43.8,1.77,13.98,884.0,3,1.19,1
47,Female,66.8,1.75,21.81,742.0,3,1.13,2
55,Female,75.2,1.67,26.96,1030.0,2,1.37,1
19,Male,89.0,1.77,28.41,1048.0,4,1.5,2
38,Male,71.9,1.77,22.95,875.0,2,1.12,1
50,Female,71.0,1.68,25.16,848.0,2,1.17,1
29,Male,120.9,1.78,38.16,721.0,2,0.78,1
39,Female,64.3,1.69,22.51,925.0,4,1.25,2
42,Female,63.7,1.71,21.78,1080.0,3,1.42,2
44,Male,65.2,1.8,20.12,502.0,2,0.73,1
59,Male,53.9,1.75,17.6,989.0,4,1.48,2
45,Male,84.9,1.86,24.54,1104.0,5,1.64,3
33,Female,78.0,1.68,27.64,871.0,3,1.29,2
32,Male,108.2,1.8,33.4,964.0,3,1.27,1
20,Female,65.4,1.52,28.31,654.0,4,1.03,2
54,Female,50.2,1.61,19.37,1046.0,2,1.48,1
24,Female,58.9,1.51,25.83,816.0,2,1.04,1
38,Male,81.4,1.71,27.84,1237.0,5,1.52,3
26,Male,127.6,1.73,42.63,1162.0,3,1.32,1
56,Female,59.3,1.56,24.37,879.0,4,1.26,2
35,Male,96.9,1.71,33.14,1069.0,3,1.34,2
21,Male,62.6,1.81,19.11,1072.0,4,1.3,2
42,Male,45.5,1.6,17.77,1057.0,3,1.31,2
31,Female,48.8,1.51,21.4,969.0,2,1.48,1
26,Female,44.3,1.6,17.3,734.0,3,1.08,1
43,Male,113.2,1.83,33.8,962.0,4,1.45,2
19,Female,60.5,1.59,23.93,730.0,2,1.14,1
37,Male,124.2,1.76,40.1,1304.0,2,1.5,1
45,Male,52.4,1.85,15.31,956.0,3,1.2,1
24,Male,54.7,1.74,18.07,772.0,3,0.84,1
25,Male,88.1,1.95,23.17,1016.0,2,1.41,1
52,Female,59.7,1.71,20.42,836.0,3,1.23,1
31,Female,79.7,1.54,33.61,742.0,4,1.03,2
34,Female,51.0,1.62,19.43,1122.0,3,1.42,2
53,Male,84.2,1.76,27.18,1133.0,5,1.67,3
57,Male,122.1,1.89,34.18,750.0,3,1.13,1
21,Male,96.7,1.72,32.69,1046.0,3,1.26,1
19,Female,73.0,1.79,22.78,506.0,3,0.81,1
23,Male,114.8,1.6,44.84,1318.0,4,1.47,2
59,Female,65.5,1.52,28.35,1021.0,3,1.4,2
21,Female,50.3,1.52,21.77,832.0,3,1.08,1
46,Female,61.0,1.71,20.86,1150.0,4,1.67,3
35,Female,44.6,1.62,16.99,440.0,2,0.56,1
43,Female,58.2,1.61,22.45,580.0,3,1.04,2
51,Female,44.8,1.63,16.86,666.0,4,1.08,2
27,Male,87.5,1.63,32.93,1299.0,5,1.75,3
53,Male,51.8,1.74,17.11,773.0,3,1.23,2
31,Female,64.4,1.7,22.28,1418.0,5,1.97,3
48,Female,67.1,1.61,25.89,421.0,2,0.62,1
32,Male,85.9,1.6,33.55,1587.0,5,1.99,3
25,Female,65.4,1.77,20.88,627.0,3,0.89,1
31,Female,61.1,1.76,19.72,1358.0,4,1.81,3
40,Male,106.5,1.65,39.12,1176.0,4,1.32,2
57,Female,64.0,1.52,27.7,1004.0,5,1.73,3
38,Female,61.4,1.54,25.89,963.0,3,1.47,2
33,Female,40.5,1.63,15.24,786.0,4,1.07,2
35,Male,70.1,1.79,21.88,743.0,3,1.08,2
41,Male,94.1,1.62,35.86,777.0,4,1.13,2
43,Male,55.5,1.82,16.76,663.0,3,1.08,1
42,Female,53.7,1.72,18.15,875.0,3,1.37,1
58,Female,66.1,1.75,21.58,363.0,2,0.63,1
46,Male,103.9,1.77,33.16,864.0,2,1.18,1
32,Female,61.7,1.58,24.72,1262.0,5,1.87,3
18,Female,52.3,1.74,17.27,990.0,2,1.2,1
42,Female,59.5,1.74,19.65,1129.0,5,1.78,3
24,Female,72.9,1.76,23.53,546.0,3,0.86,1
26,Female,76.7,1.63,28.87,751.0,2,1.08,1
41,Male,72.1,1.83,21.53,744.0,3,1.13,2
18,Female,54.8,1.68,19.42,1003.0,4,1.27,2
25,Male,105.0,1.88,29.71,1150.0,3,1.34,2
41,Female,55.0,1.55,22.89,1103.0,4,1.45,2
28,Male,81.6,1.66,29.61,917.0,4,1.09,2
34,Female,75.6,1.6,29.53,416.0,2,0.64,1
25,Male,81.5,1.61,31.44,1688.0,4,1.93,3
52,Female,61.5,1.69,21.53,1231.0,4,1.8,3
52,Male,74.0,1.63,27.85,936.0,3,1.26,2
50,Female,56.4,1.59,22.31,924.0,3,1.26,1
22,Male,102.6,1.84,30.3,1052.0,3,1.25,2
59,Female,54.6,1.57,22.15,441.0,3,0.58,1
56,Male,129.0,1.78,40.71,805.0,2,1.29,1
58,Male,103.5,1.66,37.56,1106.0,3,1.33,1
45,Female,59.4,1.51,26.05,735.0,4,1.15,2
24,Female,60.1,1.79,18.76,1625.0,4,1.97,3
26,Male,77.7,1.62,29.61,804.0,3,1.16,2
25,Female,41.2,1.62,15.7,1073.0,4,1.49,2
29,Male,58.6,1.61,22.61,805.0,3,1.2,2
51,Male,109.3,1.78,34.5,420.0,3,0.54,1
50,Male,69.6,1.96,18.12,667.0,3,0.97,1
40,Female,56.2,1.79,17.54,1369.0,5,1.79,3
41,Male,71.7,1.96,18.66,424.0,2,0.51,1
54,Male,86.0,1.93,23.09,1404.0,5,1.74,3
52,Female,79.4,1.59,31.41,1020.0,3,1.39,2
57,Female,78.4,1.62,29.87,677.0,4,1.01,2
39,Female,55.4,1.6,21.64,979.0,3,1.44,2
44,Female,61.7,1.55,25.68,819.0,4,1.41,2
52,Male,85.5,1.82,25.81,1357.0,4,1.78,3
18,Male,87.6,1.93,23.52,1315.0,4,1.72,3
52,Male,82.4,1.72,27.85,685.0,4,1.01,2
54,Male,67.0,1.68,23.74,446.0,3,0.55,1
31,Female,42.3,1.6,16.52,888.0,3,1.09,2
20,Male,82.7,1.99,20.88,1357.0,5,1.69,3
18,Male,92.4,1.74,30.52,1303.0,2,1.41,1
22,Female,63.2,1.54,26.65,790.0,4,1.02,2
43,Male,82.7,1.85,24.16,858.0,4,1.22,2
31,Male,86.6,1.76,27.96,1071.0,3,1.29,2
56,Male,129.5,1.95,34.06,639.0,2,1.0,1
44,Male,98.0,1.83,29.26,824.0,4,1.28,2
26,Male,86.2,1.68,30.54,1701.0,5,1.97,3
32,Male,78.6,1.62,29.95,880.0,3,1.28,1
32,Female,59.0,1.66,21.41,408.0,2,0.51,1
43,Female,57.3,1.79,17.88,1479.0,4,1.98,3
59,Male,122.3,1.89,34.24,500.0,3,0.66,1
30,Male,85.3,1.95,22.43,1373.0,5,1.61,3
49,Female,45.2,1.74,14.93,870.0,3,1.24,2
56,Male,55.6,1.92,15.08,458.0,3,0.68,1
49,Male,82.8,1.95,21.78,1503.0,5,1.91,3
21,Male,125.2,1.66,45.43,1207.0,3,1.38,2
47,Female,58.5,1.79,18.26,837.0,4,1.42,2
54,Male,86.1,1.95,22.64,811.0,2,1.17,1
40,Female,63.5,1.61,24.5,1041.0,3,1.31,2
56,Male,69.3,1.68,24.55,451.0,2,0.66,1
32,Female,70.5,1.62,26.86,756.0,2,1.24,1
46,Female,60.1,1.65,22.08,1042.0,4,1.69,3
53,Male,94.1,1.95,24.75,608.0,3,0.89,1
30,Female,79.2,1.62,30.18,1046.0,4,1.26,2
49,Male,115.3,1.91,31.61,854.0,2,1.38,1
24,Female,62.9,1.79,19.63,958.0,4,1.42,2
39,Male,62.0,1.64,23.05,678.0,3,0.97,1
45,Male,88.5,1.78,27.93,1265.0,4,1.53,3
19,Female,73.9,1.77,23.59,877.0,3,1.28,2
59,Male,50.3,1.95,13.23,885.0,3,1.07,1
23,Male,83.1,1.8,25.65,624.0,3,0.7,1
45,Female,65.1,1.78,20.55,1038.0,3,1.46,1
45,Male,46.6,1.79,14.54,1214.0,3,1.46,2
37,Male,103.5,1.89,28.97,499.0,2,0.54,1
47,Female,61.9,1.54,26.1,1150.0,4,1.95,3
28,Female,52.0,1.61,20.06,1082.0,3,1.32,2
45,Male,113.4,1.71,38.78,530.0,2,0.83,1
42,Male,62.9,1.98,16.04,886.0,4,1.42,2
56,Female,40.4,1.8,12.47,913.0,4,1.23,2
50,Female,67.1,1.75,21.91,362.0,3,0.67,1
18,Male,70.0,1.61,27.01,1201.0,2,1.3,1
44,Female,69.5,1.75,22.69,711.0,3,1.02,1
30,Male,107.9,1.66,39.16,832.0,3,1.08,2
58,Male,109.0,1.91,29.88,1151.0,3,1.49,2
20,Male,101.0,1.91,27.69,1070.0,3,1.36,2
56,Male,88.5,1.85,25.86,1119.0,4,1.57,3
23,Male,80.9,1.8,24.97,1074.0,4,1.55,3
25,Female,43.1,1.62,16.42,837.0,4,1.04,2
44,Female,59.1,1.52,25.58,967.0,5,1.58,3
26,Female,54.0,1.53,23.07,844.0,3,1.14,1
54,Female,72.3,1.78,22.82,852.0,2,1.27,1
50,Male,51.1,1.98,13.03,574.0,2,0.92,1
59,Male,89.4,1.72,30.22,813.0,3,1.08,1
41,Male,51.5,1.8,15.9,680.0,4,1.09,2
32,Male,87.9,1.88,24.87,1195.0,5,1.52,3
49,Female,42.0,1.52,18.18,644.0,3,1.1,1
49,Male,79.2,1.72,26.77,925.0,3,1.46,1
41,Male,64.8,1.71,22.16,778.0,3,1.2,2
58,Female,63.0,1.78,19.88,1095.0,4,1.58,3
29,Female,56.2,1.77,17.94,418.0,3,0.68,1
56,Female,52.9,1.64,19.67,767.0,3,1.1,2
19,Female,49.0,1.69,17.16,772.0,3,1.05,1
20,Male,128.2,1.84,37.87,603.0,3,0.83,1
54,Male,83.6,1.86,24.16,1082.0,5,1.54,3
34,Female,56.2,1.77,17.94,1249.0,5,1.81,3
19,Male,87.8,1.78,27.71,1133.0,2,1.28,1
19,Male,85.9,1.85,25.1,1424.0,4,1.66,3
45,Male,51.1,1.87,14.61,1126.0,4,1.44,2
40,Female,57.4,1.71,19.63,1337.0,5,1.87,3
54,Male,114.9,1.92,31.17,802.0,4,1.2,2
49,Female,62.1,1.66,22.54,937.0,3,1.37,2
50,Male,57.1,1.91,15.65,707.0,4,1.09,2
18,Male,68.1,1.8,21.02,926.0,4,1.1,2
36,Male,69.2,1.65,25.42,852.0,3,1.23,1
19,Female,65.2,1.52,28.22,800.0,3,1.23,1
43,Male,108.6,1.73,36.29,988.0,2,1.33,1
49,Female,40.0,1.65,14.69,686.0,3,1.03,2
23,Female,41.9,1.58,16.78,370.0,3,0.56,1
49,Female,68.3,1.52,29.56,979.0,4,1.45,2
21,Male,88.4,1.6,34.53,1138.0,4,1.71,3
28,Male,66.0,1.9,18.28,1025.0,3,1.18,1
34,Male,71.9,1.64,26.73,929.0,4,1.26,2
55,Male,75.6,1.71,25.85,663.0,4,1.03,2
41,Female,63.4,1.59,25.08,1267.0,5,1.84,3
22,Female,71.6,1.77,22.85,1177.0,3,1.49,1
51,Female,57.4,1.77,18.32,598.0,4,1.08,2
23,Male,83.8,1.99,21.16,1280.0,4,1.79,3
39,Female,55.9,1.71,19.12,1443.0,5,1.95,3
28,Male,87.0,1.76,28.09,799.0,3,1.2,2
33,Female,65.3,1.71,22.33,796.0,4,1.18,2
50,Male,45.4,1.67,16.28,1071.0,4,1.37,2
26,Male,87.1,1.87,24.91,1241.0,4,1.71,3
23,Female,78.6,1.73,26.26,1147.0,4,1.47,2
33,Female,78.0,1.71,26.67,734.0,3,1.08,1
46,Female,58.0,1.53,24.78,1153.0,4,1.83,3
20,Female,71.3,1.69,24.96,1043.0,3,1.28,2
37,Male,49.1,1.74,16.22,842.0,3,1.11,2
53,Female,78.3,1.65,28.76,703.0,3,1.24,1
36,Female,57.3,1.64,21.3,887.0,4,1.13,2
43,Female,48.4,1.61,18.67,732.0,2,1.28,1
20,Male,76.4,1.62,29.11,980.0,4,1.35,2
36,Male,110.2,1.77,35.18,1021.0,2,1.19,1
37,Female,72.9,1.76,23.53,732.0,3,1.21,2
49,Male,82.1,1.86,23.73,1481.0,4,1.87,3
24,Female,58.9,1.76,19.01,410.0,3,0.63,1
58,Male,82.2,1.87,23.51,1111.0,4,1.57,3
50,Male,96.7,1.72,32.69,903.0,3,1.46,2
57,Male,81.4,1.86,23.53,1292.0,5,1.8,3
56,Male,107.8,1.73,36.02,680.0,3,1.09,2
35,Female,65.8,1.62,25.07,790.0,4,1.0,2
57,Female,68.5,1.56,28.15,900.0,4,1.45,2
18,Female,63.9,1.59,25.28,1169.0,4,1.87,3
28,Male,76.3,1.62,29.07,1034.0,3,1.16,2
45,Female,44.5,1.65,16.35,959.0,3,1.44,1
42,Female,50.7,1.75,16.56,940.0,3,1.29,2
40,Female,55.1,1.61,21.26,1224.0,4,1.55,3
48,Male,73.7,1.61,28.43,815.0,4,1.36,2
47,Male,55.6,1.77,17.75,820.0,4,1.2,2
59,Male,86.9,1.76,28.05,688.0,3,1.13,2
52,Female,60.3,1.68,21.36,900.0,4,1.6,3
24,Female,40.4,1.64,15.02,832.0,2,0.99,1
33,Female,78.5,1.66,28.49,1006.0,4,1.29,2
43,Male,102.6,1.72,34.68,597.0,2,0.82,1
19,Male,110.8,1.91,30.37,1074.0,2,1.31,1
18,Female,60.9,1.79,19.01,699.0,2,1.11,1
29,Male,55.7,1.61,21.49,993.0,3,1.41,1
22,Male,110.5,1.92,29.98,919.0,3,1.16,2
54,Male,55.2,1.71,18.88,579.0,2,0.77,1
49,Male,46.5,1.72,15.72,832.0,4,1.4,2
26,Female,70.9,1.66,25.73,506.0,3,0.81,1
58,Male,74.6,1.75,24.36,739.0,2,1.09,1
52,Male,45.1,1.72,15.24,594.0,2,0.93,1
36,Male,99.9,1.99,25.23,1075.0,3,1.33,1
33,Male,117.0,1.61,45.14,744.0,3,1.04,2
20,Female,75.9,1.73,25.36,1056.0,4,1.39,2
37,Female,71.2,1.64,26.47,666.0,3,1.11,2
41,Male,78.8,1.72,26.64,660.0,4,1.01,2
50,Male,50.6,1.69,17.72,1012.0,2,1.31,1
41,Male,82.5,1.79,25.75,1163.0,4,1.69,3
28,Male,108.5,1.79,33.86,878.0,4,1.33,2
25,Male,49.9,1.98,12.73,772.0,3,1.15,2
53,Male,125.1,1.91,34.29,353.0,2,0.52,1
55,Female,79.7,1.66,28.92,763.0,2,1.06,1
57,Male,126.8,1.63,47.72,632.0,2,0.96,1
37,Female,54.6,1.57,22.15,982.0,3,1.31,1
52,Female,47.8,1.54,20.16,880.0,3,1.34,2
42,Male,97.9,1.91,26.84,680.0,3,1.01,2
52,Female,63.1,1.54,26.61,1010.0,3,1.36,2
42,Female,72.4,1.69,25.35,713.0,3,1.07,2
46,Female,58.9,1.7,20.38,1060.0,4,1.52,3
35,Female,50.4,1.6,19.69,803.0,4,1.03,2
35,Female,64.2,1.59,25.39,1182.0,5,1.63,3
19,Female,58.8,1.77,18.77,952.0,2,1.4,1
52,Male,105.2,1.62,40.09,949.0,3,1.36,1
33,Female,45.9,1.5,20.4,662.0,3,0.92,1
58,Female,65.2,1.63,24.54,610.0,3,1.12,2
53,Female,56.3,1.79,17.57,964.0,5,1.52,3
50,Male,90.0,1.7,31.14,497.0,2,0.81,1
21,Female,60.0,1.7,20.76,1212.0,5,1.97,3
50,Male,51.5,1.71,17.61,1136.0,2,1.48,1
31,Female,63.1,1.64,23.46,962.0,4,1.54,3
38,Male,91.5,1.77,29.21,616.0,2,0.8,1
37,Male,48.7,1.67,17.46,1009.0,2,1.39,1
25,Female,57.8,1.56,23.75,1053.0,3,1.35,2
24,Female,42.0,1.75,13.71,598.0,3,0.83,1
20,Male,128.4,1.92,34.83,502.0,2,0.63,1
34,Female,74.2,1.57,30.1,1161.0,3,1.47,1
50,Male,89.6,1.68,31.75,1232.0,5,1.79,3
29,Male,125.9,2.0,31.48,1137.0,4,1.36,2
39,Male,105.5,1.99,26.64,593.0,2,0.81,1
39,Male,93.4,1.7,32.32,938.0,4,1.1,2
47,Male,82.1,1.84,24.25,922.0,4,1.37,2
55,Female,42.9,1.69,15.02,567.0,2,0.9,1
55,Male,128.4,1.68,45.49,923.0,4,1.13,2
25,Male,112.4,1.96,29.26,1054.0,2,1.42,1
44,Female,77.7,1.79,24.25,1047.0,3,1.41,1
44,Male,89.3,1.99,22.55,936.0,4,1.4,2
51,Female,70.3,1.55,29.26,876.0,3,1.4,1
38,Female,59.1,1.72,19.98,792.0,3,1.07,2
47,Female,49.9,1.69,17.47,979.0,3,1.48,2
50,Male,101.7,1.67,36.47,333.0,2,0.53,1
45,Male,93.0,1.91,25.49,729.0,3,1.03,2
50,Male,87.4,1.6,34.14,465.0,2,0.77,1
22,Female,55.1,1.61,21.26,1166.0,4,1.62,3
36,Male,123.7,1.69,43.31,987.0,4,1.3,2
21,Female,61.3,1.57,24.87,1474.0,4,1.94,3
52,Male,72.3,1.94,19.21,874.0,3,1.46,2
34,Female,69.2,1.53,29.56,911.0,2,1.36,1
45,Male,81.4,1.61,31.4,796.0,4,1.14,2
47,Male,84.8,1.86,24.51,1181.0,5,1.85,3
46,Male,55.1,1.72,18.62,970.0,3,1.43,2
23,Female,59.0,1.78,18.62,1177.0,5,1.67,3
52,Female,64.9,1.51,28.46,1359.0,4,1.83,3
58,Male,109.7,1.75,35.82,840.0,2,1.01,1
54,Male,78.4,1.9,21.72,585.0,2,0.81,1
41,Female,76.7,1.79,23.94,832.0,4,1.4,2
46,Female,63.1,1.61,24.34,684.0,4,1.0,2
48,Female,62.9,1.58,25.2,1105.0,4,1.98,3
52,Male,85.6,1.74,28.27,1321.0,4,1.84,3
50,Female,66.3,1.57,26.9,742.0,2,1.25,1
38,Male,61.3,1.97,15.8,1100.0,3,1.37,1
49,Female,44.1,1.65,16.2,694.0,4,1.16,2
40,Male,63.8,1.62,24.31,1022.0,2,1.3,1
50,Female,55.4,1.55,23.06,1016.0,4,1.85,3
20,Female,74.7,1.58,29.92,863.0,3,1.04,2
35,Female,78.0,1.67,27.97,949.0,4,1.13,2
42,Female,57.5,1.67,20.62,764.0,2,1.14,1
59,Female,60.7,1.73,20.28,714.0,3,1.03,2
48,Male,69.0,1.74,22.79,1223.0,3,1.48,2
20,Female,75.8,1.78,23.92,944.0,4,1.42,2
57,Female,75.7,1.63,28.49,407.0,3,0.69,1
41,Female,71.2,1.64,26.47,939.0,3,1.42,2
49,Male,85.0,1.68,30.12,1468.0,4,1.82,3
39,Female,63.6,1.56,26.13,903.0,2,1.22,1
40,Male,73.2,1.94,19.45,722.0,2,0.81,1
19,Female,48.3,1.52,20.91,653.0,2,0.96,1
44,Female,42.8,1.78,13.51,1066.0,3,1.49,2
59,Male,88.1,1.76,28.44,1123.0,3,1.35,2
19,Female,72.4,1.75,23.64,840.0,4,1.2,2
43,Male,73.2,1.88,20.71,822.0,3,1.17,1
34,Male,110.5,1.86,31.94,1086.0,2,1.42,1
57,Female,46.1,1.76,14.88,842.0,3,1.44,2
50,Male,90.8,1.71,31.05,810.0,4,1.07,2
26,Female,59.3,1.51,26.01,1096.0,5,1.7,3
56,Female,45.1,1.73,15.07,482.0,3,0.83,1
46,Male,45.0,1.77,14.36,1187.0,3,1.48,2
59,Male,89.4,1.62,34.06,885.0,3,1.43,2
43,Male,127.7,1.69,44.71,875.0,3,1.14,2
52,Male,70.9,1.72,23.97,927.0,3,1.31,2
42,Female,49.2,1.5,21.87,678.0,3,1.15,2
41,Female,62.3,1.79,19.44,1451.0,5,1.99,3
30,Male,64.1,1.87,18.33,500.0,2,0.64,1
24,Female,69.7,1.75,22.76,1029.0,3,1.41,1
53,Female,56.9,1.59,22.51,1100.0,3,1.49,2
37,Female,53.0,1.71,18.13,881.0,4,1.13,2
18,Female,72.7,1.55,30.26,525.0,3,0.84,1
25,Male,76.5,1.96,19.91,442.0,3,0.67,1
33,Male,113.6,1.99,28.69,949.0,2,1.38,1
31,Female,62.5,1.62,23.81,1318.0,4,1.56,3
29,Male,95.2,1.86,27.52,496.0,2,0.64,1
40,Male,51.7,1.82,15.61,792.0,3,0.9,1
32,Male,105.3,1.67,37.76,448.0,3,0.57,1
45,Female,71.2,1.68,25.23,888.0,3,1.37,1
51,Female,78.1,1.51,34.25,555.0,3,0.92,1
19,Female,50.6,1.68,17.93,877.0,3,1.21,2
49,Male,70.2,1.89,19.65,440.0,3,0.7,1
40,Female,62.6,1.53,26.74,1380.0,5,1.93,3
39,Female,60.6,1.65,22.26,768.0,3,0.92,1
42,Male,76.4,1.97,19.69,886.0,3,1.14,2
39,Female,63.3,1.71,21.65,1175.0,4,1.88,3
39,Female,68.6,1.64,25.51,1024.0,3,1.33,2
59,Male,123.3,1.88,34.89,1036.0,4,1.3,2
23,Male,107.0,1.94,28.43,891.0,2,1.35,1
32,Male,68.3,1.92,18.53,1289.0,2,1.42,1
54,Female,47.8,1.6,18.67,830.0,4,1.19,2
50,Female,58.4,1.79,18.23,943.0,4,1.6,3
25,Female,74.3,1.71,25.41,1123.0,3,1.43,2
22,Male,106.8,1.82,32.24,715.0,4,1.0,2
56,Male,125.5,1.8,38.73,817.0,4,1.26,2
21,Female,55.2,1.55,22.98,1103.0,4,1.37,2
23,Female,71.4,1.72,24.13,1056.0,2,1.25,1
49,Male,77.7,1.61,29.98,806.0,3,1.03,2
47,Male,88.4,1.6,34.53,1160.0,5,1.86,3
52,Male,104.8,1.99,26.46,598.0,2,0.93,1
57,Male,82.2,1.69,28.78,882.0,4,1.15,2
33,Female,68.2,1.75,22.27,638.0,2,0.85,1
30,Male,91.4,1.99,23.08,1145.0,3,1.37,2
59,Female,42.1,1.65,15.46,725.0,2,1.22,1
47,Female,68.7,1.76,22.18,845.0,3,1.37,2
36,Female,47.2,1.74,15.59,1200.0,4,1.5,2
34,Male,92.0,1.76,29.7,574.0,3,0.73,1
36,Male,56.2,1.95,14.78,767.0,4,1.09,2
45,Male,58.4,1.72,19.74,973.0,4,1.31,2
43,Male,82.9,1.95,21.8,1505.0,5,1.9,3
54,Female,66.9,1.74,22.1,720.0,2,1.24,1
43,Male,66.3,1.85,19.37,707.0,2,1.18,1
40,Male,93.6,1.93,25.13,1192.0,3,1.38,1
26,Female,64.1,1.5,28.49,1293.0,5,1.93,3
29,Male,86.7,1.62,33.04,1020.0,4,1.52,3
18,Female,62.0,1.59,24.52,996.0,4,1.23,2
18,Female,58.1,1.61,22.41,1425.0,4,1.9,3
51,Female,64.9,1.6,25.35,838.0,4,1.49,2
49,Female,69.3,1.62,26.41,626.0,4,1.14,2
42,Female,42.7,1.74,14.1,608.0,3,1.04,1
57,Female,51.4,1.63,19.35,724.0,4,1.2,2
18,Female,67.4,1.6,26.33,492.0,3,0.6,1
33,Female,55.6,1.61,21.45,1301.0,4,1.77,3
56,Male,125.3,1.86,36.22,639.0,3,1.0,2
22,Male,102.1,1.85,29.83,1278.0,4,1.48,2
39,Male,61.9,1.77,19.76,1205.0,3,1.32,1
46,Male,108.8,1.64,40.45,1171.0,3,1.4,1
20,Female,51.1,1.58,20.47,422.0,2,0.5,1
29,Male,81.7,1.99,20.63,1005.0,2,1.45,1
43,Female,42.7,1.66,15.5,440.0,2,0.73,1
33,Male,81.8,1.99,20.66,1198.0,4,1.59,3
54,Male,54.6,1.76,17.63,868.0,4,1.28,2
39,Male,107.7,1.88,30.47,634.0,2,0.72,1
46,Female,56.9,1.6,22.23,566.0,3,0.88,1
31,Male,78.8,1.71,26.95,992.0,4,1.49,2
45,Female,48.2,1.64,17.92,894.0,4,1.25,2
22,Female,50.7,1.59,20.05,883.0,3,1.27,2
47,Male,86.6,1.99,21.87,1500.0,4,1.98,3
22,Male,96.3,1.63,36.25,1203.0,4,1.35,2
29,Male,80.8,1.98,20.61,1316.0,5,1.65,3
33,Female,58.0,1.53,24.78,1159.0,5,1.84,3
43,Male,95.9,1.85,28.02,995.0,2,1.28,1
43,Female,61.5,1.58,24.64,1247.0,5,1.86,3
38,Female,40.6,1.79,12.67,499.0,2,0.62,1
56,Male,82.5,1.87,23.59,927.0,5,1.51,3
53,Male,105.1,1.84,31.04,444.0,3,0.69,1
50,Female,58.1,1.58,23.27,1042.0,5,1.93,3
47,Female,61.0,1.76,19.69,1060.0,5,1.54,3
54,Female,64.5,1.53,27.55,940.0,4,1.74,3
40,Male,58.2,1.98,14.85,1085.0,3,1.43,2
27,Female,69.5,1.76,22.44,569.0,3,0.94,1
22,Male,62.2,1.84,18.37,393.0,3,0.51,1
53,Female,68.0,1.7,23.53,663.0,4,1.06,2
51,Female,56.3,1.5,25.02,914.0,3,1.43,1
48,Male,94.5,1.7,32.7,700.0,3,1.01,2
27,Female,58.0,1.79,18.1,994.0,2,1.39,1
36,Male,84.0,1.94,22.32,1218.0,5,1.8,3
49,Male,61.0,1.87,17.44,739.0,4,1.14,2
18,Female,64.8,1.53,27.68,1396.0,5,1.98,3
22,Male,45.7,1.77,14.59,795.0,3,1.04,1
21,Male,80.9,1.9,22.41,1356.0,4,1.8,3
33,Female,64.1,1.63,24.13,948.0,5,1.58,3
41,Male,67.0,1.77,21.39,900.0,3,1.22,2
33,Male,106.5,1.6,41.6,1170.0,4,1.4,2
19,Male,95.1,1.85,27.79,952.0,4,1.21,2
45,Female,65.5,1.57,26.57,395.0,2,0.66,1
49,Male,105.7,1.64,39.3,921.0,3,1.2,2
44,Female,48.0,1.76,15.5,491.0,2,0.88,1
37,Female,69.5,1.5,30.89,448.0,2,0.69,1
41,Male,66.1,1.69,23.14,545.0,2,0.77,1
29,Male,68.0,1.7,23.53,627.0,2,0.76,1
52,Male,50.3,1.78,15.88,555.0,2,0.85,1
50,Female,69.3,1.68,24.55,729.0,2,1.2,1
50,Male,86.7,1.63,32.63,1203.0,4,1.7,3
54,Male,125.9,1.94,33.45,882.0,3,1.35,2
29,Male,88.1,1.93,23.65,1479.0,5,1.88,3
20,Male,124.3,1.82,37.53,997.0,3,1.25,2
18,Male,62.0,1.85,18.12,586.0,3,0.88,1
50,Female,69.7,1.72,23.56,753.0,4,1.24,2
57,Female,60.9,1.52,26.36,926.0,3,1.31,2
27,Male,76.5,1.97,19.71,1025.0,2,1.13,1
46,Male,94.7,1.82,28.59,873.0,3,1.47,2
30,Male,67.9,1.75,22.17,1155.0,2,1.25,1
29,Male,121.1,1.87,34.63,937.0,4,1.31,2
48,Female,71.5,1.64,26.58,1012.0,4,1.46,2
19,Male,98.6,1.7,34.12,740.0,2,0.83,1
52,Female,68.2,1.63,25.67,779.0,3,1.17,1
40,Female,57.7,1.69,20.2,920.0,4,1.18,2
34,Male,124.6,1.63,46.9,1055.0,3,1.41,2
43,Female,73.0,1.59,28.88,931.0,3,1.31,1
25,Female,59.4,1.51,26.05,1304.0,5,1.62,3
46,Female,52.0,1.65,19.1,463.0,2,0.7,1
43,Female,42.2,1.65,15.5,886.0,3,1.33,2
27,Male,89.3,1.64,33.2,1622.0,4,1.82,3
43,Male,110.0,1.76,35.51,658.0,3,1.09,1
51,Female,66.2,1.58,26.52,499.0,3,0.86,1
58,Male,58.6,1.66,21.27,964.0,2,1.21,1
24,Male,51.0,1.67,18.29,710.0,3,0.97,1
21,Male,101.5,1.95,26.69,699.0,3,0.97,1
28,Male,114.2,1.87,32.66,959.0,3,1.05,2
46,Male,54.4,1.72,18.39,725.0,2,0.91,1
53,Female,52.4,1.57,21.26,898.0,3,1.34,2
42,Male,85.2,1.81,26.01,1151.0,5,1.54,3
38,Male,83.6,1.74,27.61,1379.0,5,1.66,3
53,Male,115.4,1.92,31.3,1084.0,4,1.36,2
27,Male,71.2,1.97,18.35,615.0,3,0.74,1
54,Female,78.1,1.6,30.51,718.0,4,1.1,2
26,Female,54.2,1.65,19.91,642.0,4,1.07,2
41,Female,77.6,1.76,25.05,920.0,4,1.27,2
52,Female,44.1,1.62,16.8,768.0,3,1.41,1
52,Male,85.5,1.8,26.39,1144.0,5,1.7,3
53,Female,47.8,1.76,15.43,711.0,4,1.06,2
35,Male,102.5,1.94,27.23,730.0,2,0.84,1
56,Male,118.0,1.9,32.69,412.0,2,0.66,1
49,Male,82.3,1.84,24.31,932.0,4,1.29,2
41,Male,81.6,1.87,23.33,1185.0,5,1.87,3
40,Male,60.2,1.88,17.03,946.0,3,1.22,2
49,Female,49.2,1.54,20.75,881.0,3,1.28,2
54,Female,46.6,1.5,20.71,1025.0,2,1.38,1
29,Female,68.7,1.72,23.22,907.0,4,1.08,2
30,Female,60.6,1.55,25.22,780.0,3,1.3,2
40,Male,52.1,1.61,20.1,612.0,2,0.87,1
42,Female,46.6,1.77,14.87,382.0,2,0.61,1
52,Male,65.5,1.74,21.63,1011.0,4,1.48,2
58,Female,44.2,1.57,17.93,753.0,3,1.08,1
47,Male,89.1,1.84,26.32,1133.0,3,1.44,2
34,Male,65.9,1.62,25.11,731.0,2,0.81,1
37,Female,55.6,1.57,22.56,597.0,2,0.97,1
42,Male,63.7,1.98,16.25,868.0,2,1.37,1
39,Male,86.2,1.82,26.02,1725.0,5,1.96,3
30,Female,59.2,1.63,22.28,1304.0,4,1.85,3
36,Male,85.4,1.88,24.16,1492.0,5,1.98,3
53,Female,68.1,1.55,28.35,831.0,4,1.41,2
29,Female,60.0,1.62,22.86,684.0,2,0.85,1
58,Female,74.8,1.69,26.19,933.0,4,1.28,2
36,Male,90.3,1.65,33.17,1199.0,4,1.38,2
29,Male,86.1,1.65,31.63,1169.0,4,1.66,3
26,Male,73.7,1.66,26.75,639.0,2,0.93,1
24,Female,67.7,1.56,27.82,980.0,3,1.42,2
45,Male,78.3,1.96,20.38,1066.0,3,1.29,1
31,Female,48.2,1.65,17.7,913.0,2,1.1,1
48,Female,56.8,1.51,24.91,777.0,4,1.37,2
36,Male,112.4,1.63,42.3,757.0,4,1.02,2
33,Female,59.0,1.67,21.16,558.0,3,0.9,1
22,Male,98.4,1.88,27.84,386.0,2,0.52,1
52,Male,66.5,1.6,25.98,796.0,4,1.34,2
29,Male,106.5,1.81,32.51,1107.0,4,1.29,2
42,Male,88.4,1.93,23.73,1314.0,4,1.68,3
38,Male,88.4,1.79,27.59,1321.0,5,1.74,3
53,Female,53.3,1.74,17.6,962.0,3,1.37,2
40,Female,58.1,1.56,23.87,415.0,2,0.61,1
33,Female,74.2,1.76,23.95,834.0,4,1.15,2
56,Male,84.6,1.63,31.84,705.0,4,1.01,2
59,Male,78.0,1.92,21.16,453.0,3,0.72,1
56,Male,89.0,1.68,31.53,1332.0,5,1.77,3
31,Female,42.7,1.76,13.78,883.0,3,1.46,1
48,Male,83.9,1.82,25.33,1401.0,5,1.9,3
22,Female,78.7,1.52,34.06,1204.0,3,1.45,2
52,Female,65.9,1.52,28.52,794.0,4,1.27,2
40,Male,76.9,1.92,20.86,851.0,4,1.13,2
46,Male,84.3,2.0,21.07,1467.0,5,1.83,3
28,Female,62.4,1.6,24.37,710.0,3,1.1,2
35,Male,63.7,1.74,21.04,810.0,4,1.03,2
29,Female,54.9,1.52,23.76,910.0,3,1.48,1
26,Male,76.4,1.79,23.84,1004.0,3,1.17,2
27,Male,106.4,1.86,30.76,907.0,2,1.34,1
34,Female,68.4,1.5,30.4,904.0,4,1.37,2
55,Male,63.5,1.86,18.35,969.0,4,1.36,2
24,Female,59.4,1.5,26.4,825.0,3,1.25,2
30,Male,113.4,1.91,31.08,957.0,3,1.27,1
57,Female,61.9,1.52,26.79,592.0,3,0.92,1
59,Female,70.7,1.68,25.05,637.0,3,1.17,2
26,Male,111.5,1.9,30.89,937.0,2,1.02,1
44,Female,72.1,1.66,26.16,958.0,2,1.4,1
19,Male,56.9,1.87,16.27,463.0,3,0.61,1
22,Male,86.2,1.9,23.88,1345.0,5,1.91,3
46,Male,59.4,1.68,21.05,844.0,4,1.16,2
54,Female,75.6,1.72,25.55,672.0,3,0.97,1
55,Female,76.3,1.73,25.49,768.0,3,1.08,1
36,Male,95.8,1.86,27.69,972.0,3,1.37,1
25,Male,120.6,1.83,36.01,686.0,3,1.04,2
18,Female,65.3,1.55,27.18,1143.0,3,1.42,2
39,Male,85.3,1.89,23.88,593.0,2,0.77,1
34,Male,68.0,1.68,24.09,472.0,2,0.67,1
24,Female,52.6,1.57,21.34,1071.0,2,1.29,1
42,Male,63.3,1.77,20.2,876.0,3,1.32,2
21,Female,76.3,1.65,28.03,878.0,3,1.14,2
53,Male,61.0,1.63,22.96,331.0,3,0.54,1
23,Female,67.8,1.61,26.16,1072.0,2,1.34,1
48,Male,114.9,1.86,33.21,949.0,3,1.36,1
36,Male,88.0,1.71,30.09,1646.0,5,1.87,3
56,Female,67.7,1.58,27.12,927.0,2,1.45,1
44,Male,124.8,1.85,36.46,842.0,4,1.35,2
27,Female,53.0,1.58,21.23,895.0,4,1.26,2
43,Male,61.2,1.88,17.32,831.0,3,1.03,1
36,Female,48.7,1.68,17.25,886.0,3,1.23,1
56,Female,50.6,1.7,17.51,848.0,2,1.29,1
20,Female,72.6,1.73,24.26,1016.0,3,1.27,2
30,Female,70.4,1.56,28.93,644.0,4,1.03,2
45,Male,52.5,1.88,14.85,818.0,4,1.08,2
37,Male,76.3,1.77,24.35,957.0,4,1.36,2
45,Female,41.2,1.58,16.5,1111.0,2,1.47,1
25,Female,55.3,1.76,17.85,1186.0,4,1.56,3
58,Female,49.7,1.67,17.82,776.0,4,1.38,2
56,Male,48.3,1.87,13.81,525.0,3,0.68,1
18,Male,83.2,1.96,21.66,1510.0,4,1.83,3
20,Male,120.5,1.73,40.26,850.0,3,1.01,2
30,Male,121.6,2.0,30.4,1091.0,4,1.24,2
45,Female,73.0,1.75,23.84,759.0,4,1.14,2
42,Female,57.5,1.67,20.62,1053.0,5,1.76,3
50,Female,42.7,1.53,18.24,983.0,4,1.41,2
55,Male,129.9,1.73,43.4,529.0,3,0.69,1
23,Male,108.6,1.92,29.46,656.0,2,0.89,1
49,Male,88.6,2.0,22.15,1150.0,4,1.83,3
38,Female,49.7,1.51,21.8,906.0,3,1.25,1
33,Female,56.4,1.54,23.78,822.0,3,1.06,1
38,Male,46.9,1.74,15.49,946.0,4,1.03,2
28,Female,71.3,1.67,25.57,1022.0,4,1.46,2
54,Male,71.6,1.86,20.7,830.0,3,1.14,2
53,Male,82.3,1.61,31.75,1139.0,5,1.87,3
52,Female,70.6,1.69,24.72,826.0,3,1.36,1
36,Male,109.8,1.62,41.84,651.0,3,0.84,1
37,Female,73.5,1.69,25.73,354.0,2,0.54,1
35,Male,85.6,1.85,25.01,1322.0,5,1.78,3
58,Female,74.6,1.68,26.43,737.0,4,1.03,2
31,Female,63.2,1.8,19.51,463.0,2,0.59,1
32,Female,62.6,1.63,23.56,1344.0,5,1.67,3
48,Male,87.1,1.76,28.12,1398.0,5,1.81,3
18,Male,82.3,1.84,24.31,1408.0,5,1.73,3
20,Female,64.3,1.78,20.29,1171.0,4,1.71,3
33,Female,53.7,1.66,19.49,806.0,3,1.25,1
40,Male,63.0,2.0,15.75,1257.0,4,1.42,2
28,Male,128.4,1.86,37.11,921.0,4,1.06,2
29,Male,88.0,1.89,24.64,1319.0,5,1.75,3
27,Female,63.7,1.52,27.57,714.0,4,1.19,2
49,Male,83.7,1.87,23.94,1009.0,4,1.29,2
33,Male,102.6,1.75,33.5,1078.0,3,1.4,2
25,Female,77.7,1.55,32.34,330.0,2,0.55,1
55,Male,87.5,1.88,24.76,789.0,4,1.19,2
29,Male,87.0,1.86,25.15,1028.0,4,1.52,3
41,Male,82.8,1.66,30.05,1355.0,5,1.97,3
45,Female,65.4,1.68,23.17,441.0,3,0.76,1
25,Female,47.2,1.71,16.14,632.0,2,0.89,1
45,Female,58.2,1.7,20.14,684.0,3,0.95,1
53,Female,73.5,1.55,30.59,806.0,4,1.17,2
43,Female,55.2,1.73,18.44,1240.0,5,1.67,3
25,Female,64.4,1.71,22.02,935.0,3,1.12,1
45,Female,73.5,1.74,24.28,807.0,4,1.18,2
45,Male,89.6,1.81,27.35,1287.0,5,1.7,3
54,Male,86.5,1.76,27.92,1158.0,3,1.48,2
58,Female,46.1,1.67,16.53,743.0,4,1.28,2
53,Male,68.5,1.97,17.65,894.0,3,1.3,2
44,Male,94.6,1.84,27.94,748.0,4,1.26,2
34,Female,54.2,1.52,23.46,746.0,3,1.13,1
26,Male,47.7,1.77,15.23,759.0,3,1.15,2
50,Male,52.2,1.84,15.42,847.0,4,1.38,2
37,Male,88.8,1.95,23.35,1173.0,5,1.58,3
30,Male,101.0,1.68,35.79,1076.0,4,1.46,2
45,Male,118.4,1.95,31.14,881.0,3,1.06,2
46,Female,47.9,1.72,16.19,933.0,3,1.41,1
30,Female,51.5,1.74,17.01,810.0,3,1.08,2
52,Female,79.9,1.51,35.04,479.0,3,0.75,1
23,Male,121.3,1.85,35.44,661.0,2,0.72,1
35,Female,78.9,1.64,29.34,1050.0,4,1.28,2
22,Male,88.5,1.62,33.72,1675.0,5,1.88,3
42,Male,73.5,1.63,27.66,350.0,3,0.52,1
19,Male,127.9,1.93,34.34,1173.0,4,1.27,2
27,Male,88.5,1.98,22.57,1515.0,4,1.8,3
47,Female,43.4,1.62,16.54,303.0,3,0.51,1
22,Female,42.8,1.56,17.59,978.0,3,1.47,2
50,Male,64.5,1.79,20.13,753.0,4,1.17,2
18,Female,50.7,1.53,21.66,948.0,3,1.29,2
35,Male,59.2,1.66,21.48,1151.0,3,1.3,1
49,Female,78.9,1.73,26.36,938.0,2,1.38,1
28,Female,78.7,1.63,29.62,847.0,3,1.1,2
38,Male,68.7,1.92,18.64,1081.0,4,1.31,2
43,Female,53.1,1.59,21.0,502.0,2,0.82,1
42,Male,64.8,1.65,23.8,904.0,3,1.1,2
39,Female,50.3,1.61,19.41,749.0,2,1.17,1
44,Male,102.3,1.63,38.5,856.0,4,1.34,2
30,Male,62.9,1.92,17.06,789.0,2,1.13,1
50,Female,56.5,1.6,22.07,1184.0,5,1.88,3
51,Female,74.6,1.55,31.05,422.0,2,0.71,1
58,Male,52.0,1.79,16.23,937.0,3,1.12,1
52,Female,52.1,1.67,18.68,837.0,2,1.5,1
18,Female,72.2,1.54,30.44,606.0,2,0.97,1
38,Male,85.8,1.8,26.48,1410.0,4,1.72,3
23,Male,81.4,1.85,23.78,1320.0,4,1.6,3
45,Female,50.9,1.65,18.7,887.0,2,1.45,1
34,Male,52.0,1.78,16.41,987.0,4,1.38,2
22,Male,71.0,1.93,19.06,1086.0,4,1.42,2
48,Male,80.6,1.77,25.73,1248.0,4,1.51,3
22,Female,58.3,1.72,19.71,640.0,3,1.0,2
55,Female,63.0,1.7,21.8,719.0,3,1.32,1
20,Male,111.0,1.94,29.49,875.0,4,1.02,2
40,Female,52.6,1.66,19.09,762.0,3,1.27,2
54,Male,116.4,2.0,29.1,688.0,3,1.13,1
54,Female,75.6,1.61,29.17,983.0,4,1.41,2
27,Male,61.6,1.8,19.01,1172.0,2,1.48,1
27,Male,108.0,1.8,33.33,926.0,4,1.38,2
36,Female,59.3,1.75,19.36,634.0,3,0.99,1
34,Male,75.7,1.94,20.11,915.0,4,1.18,2
38,Female,56.3,1.6,21.99,859.0,4,1.21,2
31,Female,58.2,1.73,19.45,766.0,3,1.17,2
26,Male,55.7,1.68,19.73,802.0,3,1.13,1
18,Male,125.9,1.67,45.14,1229.0,3,1.46,2
30,Female,62.7,1.67,22.48,826.0,4,1.02,2
21,Male,86.6,1.86,25.03,972.0,3,1.37,2
18,Male,64.5,1.82,19.47,983.0,3,1.2,2
57,Male,76.6,1.86,22.14,796.0,4,1.14,2
49,Male,81.4,1.83,24.31,1225.0,5,1.98,3
51,Male,60.7,1.71,20.76,954.0,2,1.14,1
45,Female,57.2,1.55,23.81,909.0,5,1.67,3
48,Female,73.0,1.59,28.88,798.0,3,1.19,2
25,Male,123.8,1.99,31.26,752.0,3,1.13,1
56,Male,93.6,1.66,33.97,1024.0,2,1.37,1
43,Male,76.8,1.92,20.83,988.0,3,1.24,1
51,Female,54.7,1.53,23.37,674.0,4,1.11,2
20,Male,92.3,1.94,24.52,821.0,3,1.14,2
29,Female,71.8,1.55,29.89,720.0,4,1.2,2
18,Female,66.9,1.57,27.14,679.0,3,1.07,2
22,Female,48.7,1.76,15.72,1144.0,4,1.37,2
47,Male,66.2,1.71,22.64,1188.0,3,1.42,1
47,Female,40.0,1.76,12.91,475.0,3,0.8,1
34,Male,112.4,1.85,32.84,870.0,4,1.18,2
40,Female,70.0,1.55,29.14,693.0,3,0.85,1
32,Male,84.0,1.74,27.74,1013.0,3,1.45,1
54,Female,43.8,1.65,16.09,749.0,4,1.29,2
38,Male,123.3,1.62,46.98,1216.0,4,1.34,2
31,Female,57.9,1.56,23.79,1116.0,5,1.8,3
19,Male,82.4,1.96,21.45,1766.0,5,1.9,3
28,Male,84.8,1.79,26.47,1025.0,4,1.35,2
56,Male,109.6,1.66,39.77,1060.0,3,1.29,2
55,Male,86.4,1.77,27.58,777.0,3,1.0,2
51,Female,63.9,1.8,19.72,626.0,4,1.07,2
55,Female,70.8,1.62,26.98,394.0,3,0.54,1
51,Male,115.3,1.67,41.34,950.0,3,1.38,2
35,Female,55.3,1.56,22.72,1188.0,5,1.71,3
47,Male,73.9,1.8,22.81,942.0,3,1.36,1
32,Male,97.3,1.96,25.33,1025.0,3,1.36,2
44,Female,60.4,1.65,22.19,966.0,4,1.27,2
51,Male,49.3,1.61,19.02,868.0,2,1.36,1
55,Male,91.8,1.78,28.97,1091.0,3,1.44,1
50,Female,73.6,1.55,30.63,581.0,3,0.89,1
41,Male,47.1,1.78,14.87,929.0,3,1.26,1
32,Male,65.2,1.62,24.84,408.0,2,0.58,1
47,Male,87.2,1.64,32.42,1634.0,4,2.0,3
59,Male,96.7,1.71,33.07,423.0,3,0.57,1
34,Female,46.9,1.61,18.09,821.0,3,1.02,2
22,Female,72.1,1.62,27.47,849.0,3,1.38,1
46,Female,62.5,1.54,26.35,906.0,4,1.61,3
21,Male,110.7,1.69,38.76,775.0,3,1.06,1
27,Male,102.6,1.83,30.64,954.0,3,1.41,2
34,Female,64.3,1.62,24.5,1276.0,5,1.76,3
27,Male,80.7,1.61,31.13,1598.0,4,1.75,3
34,Male,115.3,1.81,35.19,1249.0,2,1.36,1
37,Male,87.8,1.69,30.74,1573.0,5,1.81,3
41,Male,74.3,1.61,28.66,714.0,4,1.06,2
22,Female,78.5,1.7,27.16,938.0,4,1.36,2
51,Female,77.3,1.58,30.96,733.0,2,0.97,1
23,Female,64.5,1.7,22.32,319.0,2,0.51,1
19,Male,72.0,1.94,19.13,952.0,3,1.17,2
30,Female,77.9,1.77,24.87,916.0,4,1.41,2
28,Female,69.6,1.58,27.88,1006.0,3,1.49,2
40,Male,68.9,1.99,17.4,951.0,4,1.16,2
33,Male,45.9,1.89,12.85,1148.0,3,1.45,2
48,Female,68.2,1.69,23.88,537.0,3,0.75,1
28,Female,79.6,1.59,31.49,968.0,3,1.49,2
33,Female,53.6,1.52,23.2,643.0,2,1.02,1
25,Female,57.7,1.58,23.11,986.0,3,1.36,2
21,Male,74.2,1.93,19.92,1024.0,3,1.32,2
57,Female,64.4,1.56,26.46,985.0,5,1.52,3
21,Female,54.9,1.78,17.33,380.0,2,0.55,1
42,Male,50.3,1.64,18.7,468.0,3,0.63,1
20,Female,46.5,1.68,16.48,660.0,2,0.91,1
49,Male,57.8,1.99,14.6,741.0,3,0.93,1
20,Male,83.0,1.8,25.62,695.0,2,0.79,1
44,Male,82.5,1.79,25.75,1159.0,5,1.51,3
46,Female,66.5,1.73,22.22,709.0,3,1.11,1
49,Female,70.2,1.67,25.17,695.0,3,0.93,1
36,Male,121.9,1.93,32.73,1082.0,3,1.49,2
38,Female,70.3,1.52,30.43,857.0,4,1.19,2
22,Female,40.3,1.56,16.56,877.0,4,1.45,2
35,Male,101.4,1.76,32.74,559.0,2,0.84,1
45,Male,79.2,1.95,20.83,982.0,3,1.47,2
59,Female,75.8,1.77,24.19,841.0,3,1.46,1
39,Male,71.7,1.88,20.29,445.0,2,0.55,1
38,Female,57.7,1.56,23.71,1082.0,5,1.64,3
23,Female,47.4,1.6,18.52,585.0,3,0.76,1
18,Female,57.2,1.75,18.68,1032.0,3,1.29,2
22,Female,44.8,1.72,15.14,977.0,4,1.48,2
58,Male,90.2,1.72,30.49,668.0,2,0.9,1
29,Male,84.9,1.72,28.7,1378.0,4,1.79,3
43,Male,95.7,1.77,30.55,807.0,3,1.08,1
51,Male,59.0,1.65,21.67,924.0,3,1.22,2
31,Female,60.5,1.77,19.31,1092.0,4,1.72,3
43,Female,53.8,1.72,18.19,742.0,4,1.03,2
44,Male,86.6,1.97,22.31,1372.0,5,1.66,3
26,Female,72.8,1.67,26.1,829.0,2,1.37,1
43,Female,66.3,1.77,21.16,1046.0,4,1.48,2
39,Female,56.0,1.6,21.87,672.0,2,0.89,1
47,Male,45.9,1.93,12.32,1015.0,3,1.29,2
34,Male,88.0,1.64,32.72,1536.0,4,1.9,3
43,Male,94.0,1.79,29.34,1012.0,2,1.31,1
53,Female,44.7,1.79,13.95,965.0,3,1.34,2
18,Male,63.2,1.63,23.79,436.0,3,0.66,1
25,Male,95.6,1.9,26.48,1294.0,4,1.47,2
52,Male,47.8,1.86,13.82,645.0,3,1.01,2
32,Male,85.3,1.64,31.71,1197.0,4,1.77,3
39,Male,59.7,1.83,17.83,1143.0,4,1.35,2
31,Male,70.2,1.98,17.91,504.0,2,0.71,1
43,Female,72.7,1.8,22.44,590.0,3,0.79,1
45,Female,50.4,1.79,15.73,433.0,2,0.74,1
40,Male,81.7,1.74,26.99,666.0,2,0.91,1
31,Male,49.3,1.62,18.79,484.0,2,0.56,1
41,Female,61.9,1.64,23.01,1138.0,4,1.93,3
19,Female,49.1,1.68,17.4,1164.0,4,1.42,2
43,Male,66.5,1.83,19.86,747.0,3,1.11,2
31,Male,75.5,1.93,20.27,446.0,2,0.6,1
24,Male,88.2,1.79,27.53,1491.0,4,1.76,3
20,Male,74.8,1.75,24.42,885.0,3,1.33,2
40,Female,72.2,1.6,28.2,566.0,3,0.87,1
35,Male,62.8,1.63,23.64,1241.0,4,1.41,2
55,Male,84.7,1.79,26.43,719.0,3,1.19,2
52,Male,116.5,1.69,40.79,388.0,2,0.53,1
32,Male,77.4,1.92,21.0,1047.0,3,1.39,2
42,Female,72.9,1.62,27.78,732.0,4,1.17,2
54,Female,58.4,1.59,23.1,807.0,2,1.08,1
45,Female,64.3,1.54,27.11,999.0,4,1.67,3
27,Male,89.3,1.87,25.54,1363.0,5,1.62,3
56,Male,90.2,1.61,34.8,1148.0,3,1.38,2
34,Female,59.0,1.62,22.48,847.0,4,1.13,2
56,Male,58.7,1.86,16.97,858.0,3,1.09,2
39,Male,127.5,1.82,38.49,1116.0,3,1.26,2
43,Female,68.6,1.52,29.69,875.0,4,1.42,2
42,Female,56.7,1.53,24.22,717.0,3,1.07,1
34,Female,64.5,1.78,20.36,958.0,4,1.33,2
30,Female,61.6,1.52,26.66,1228.0,4,1.78,3
37,Male,75.1,1.82,22.67,859.0,4,1.23,2
42,Male,79.3,1.93,21.29,888.0,2,1.22,1
21,Female,72.6,1.68,25.72,756.0,3,1.19,2
27,Male,76.7,1.7,26.54,792.0,3,0.96,1
20,Female,44.2,1.61,17.05,659.0,2,1.08,1
58,Female,56.5,1.7,19.55,406.0,2,0.74,1
35,Male,100.9,1.63,37.98,986.0,2,1.1,1
53,Female,55.8,1.55,23.23,711.0,4,1.12,2
39,Male,58.3,1.93,15.65,1010.0,4,1.35,2
51,Male,48.6,1.77,15.51,1128.0,2,1.47,1
25,Male,81.7,1.95,21.49,1451.0,4,1.94,3
57,Male,85.6,1.69,29.97,1159.0,5,1.76,3
36,Female,60.0,1.72,20.28,1043.0,5,1.63,3
59,Male,126.4,1.69,44.26,915.0,3,1.24,1
58,Female,75.4,1.78,23.8,662.0,4,1.05,2
54,Female,64.2,1.69,22.48,996.0,4,1.69,3
23,Female,65.2,1.62,24.84,1069.0,3,1.37,2
43,Female,70.1,1.66,25.44,673.0,2,0.99,1
51,Male,102.6,1.77,32.75,779.0,2,1.21,1
23,Male,107.2,1.93,28.78,879.0,4,1.15,2
54,Female,56.5,1.75,18.45,1220.0,5,1.76,3
50,Female,61.6,1.75,20.11,911.0,4,1.22,2
39,Male,81.7,1.75,26.68,1198.0,4,1.32,2
38,Female,76.6,1.58,30.68,481.0,2,0.74,1
23,Male,116.8,1.79,36.45,698.0,4,1.0,2
23,Female,60.1,1.59,23.77,1107.0,4,1.8,3
21,Male,93.7,1.73,31.31,803.0,2,1.0,1
47,Female,41.6,1.58,16.66,756.0,4,1.03,2
28,Female,55.1,1.79,17.2,1582.0,5,1.99,3
47,Male,127.1,1.76,41.03,552.0,2,0.71,1
48,Female,69.1,1.6,26.99,1001.0,4,1.34,2
41,Female,66.8,1.74,22.06,898.0,3,1.34,1
26,Male,125.5,1.76,40.52,1031.0,4,1.15,2
20,Female,71.3,1.58,28.56,893.0,3,1.07,2
48,Male,129.2,1.61,49.84,876.0,4,1.06,2
57,Male,96.3,1.86,27.84,795.0,3,1.1,2
54,Female,67.5,1.54,28.46,454.0,3,0.72,1
53,Female,64.4,1.55,26.81,1107.0,4,1.77,3
41,Female,64.9,1.57,26.33,576.0,4,1.04,2
48,Female,52.3,1.66,18.98,433.0,3,0.74,1
23,Female,56.7,1.55,23.6,911.0,4,1.38,2
19,Female,46.8,1.63,17.61,864.0,4,1.35,2
37,Female,70.3,1.77,22.44,621.0,2,1.01,1
45,Male,80.8,1.76,26.08,1102.0,4,1.7,3
28,Female,56.0,1.5,24.89,1242.0,5,1.94,3
21,Male,101.2,1.84,29.89,944.0,2,1.3,1
32,Female,56.6,1.57,22.96,1378.0,4,1.65,3
23,Female,40.9,1.75,13.36,594.0,3,0.82,1
47,Male,127.8,1.65,46.94,598.0,2,0.77,1
55,Female,49.3,1.76,15.92,927.0,2,1.28,1
19,Female,64.3,1.63,24.2,1234.0,5,1.87,3
32,Male,49.3,1.62,18.79,1025.0,3,1.18,2
28,Female,63.0,1.62,24.01,500.0,2,0.68,1
25,Female,41.1,1.67,14.74,711.0,3,1.03,2
43,Female,40.5,1.74,13.38,965.0,3,1.5,2
22,Male,71.0,1.62,27.05,691.0,2,0.91,1
23,Female,60.9,1.62,23.21,1336.0,5,1.59,3
43,Female,64.7,1.66,23.48,1117.0,4,1.88,3
21,Female,51.0,1.71,17.44,706.0,3,1.07,2
36,Female,57.7,1.77,18.42,1213.0,4,1.65,3
37,Male,76.9,1.82,23.22,992.0,4,1.49,2
50,Male,80.5,1.77,25.7,1181.0,4,1.85,3
37,Female,73.3,1.74,24.21,726.0,3,1.03,2
29,Female,49.0,1.57,19.88,878.0,3,1.33,2
18,Male,114.5,1.97,29.5,725.0,3,1.03,1
43,Male,81.0,1.78,25.56,1189.0,5,1.58,3
31,Female,53.5,1.76,17.27,811.0,4,1.22,2
55,Male,52.1,1.68,18.46,637.0,3,0.77,1
54,Female,70.1,1.52,30.34,475.0,2,0.76,1
28,Male,86.9,1.78,27.43,951.0,4,1.29,2
53,Male,73.4,1.76,23.7,815.0,3,1.09,2
30,Male,90.0,1.66,32.66,1104.0,4,1.32,2
20,Male,85.7,1.92,23.25,1287.0,5,1.72,3
50,Female,70.4,1.55,29.3,470.0,2,0.73,1
23,Male,57.7,1.71,19.73,942.0,3,1.15,2
27,Male,75.7,1.76,24.44,494.0,3,0.68,1
22,Female,61.8,1.52,26.75,1519.0,5,1.83,3
40,Male,80.3,1.76,25.92,1497.0,5,1.63,3
27,Male,104.3,1.68,36.95,950.0,3,1.28,2
19,Female,65.7,1.58,26.32,883.0,3,1.46,2
30,Male,120.3,1.96,31.32,494.0,2,0.66,1
57,Female,51.9,1.57,21.06,713.0,3,1.05,2
19,Female,59.1,1.57,23.98,1336.0,5,1.65,3
37,Female,66.9,1.75,21.84,876.0,4,1.38,2
18,Female,66.9,1.75,21.84,573.0,2,0.94,1
54,Male,78.7,1.66,28.56,921.0,3,1.42,2
26,Female,62.4,1.61,24.07,1307.0,4,1.88,3
34,Male,102.1,1.71,34.92,713.0,2,0.96,1
26,Male,51.9,2.0,12.97,549.0,2,0.75,1
28,Male,58.3,2.0,14.57,980.0,4,1.32,2
32,Male,89.8,1.92,24.36,1783.0,4,1.93,3
41,Male,101.1,1.83,30.19,634.0,2,0.79,1
55,Male,118.6,1.72,40.09,640.0,3,0.77,1
52,Male,84.8,1.85,24.78,895.0,2,1.19,1
47,Male,80.0,1.77,25.54,531.0,3,0.72,1
48,Male,73.1,1.83,21.83,681.0,4,1.05,2
22,Male,117.3,1.68,41.56,914.0,3,1.24,2
31,Female,77.4,1.71,26.47,863.0,4,1.26,2
28,Female,72.9,1.67,26.14,831.0,3,1.13,2
26,Female,71.2,1.5,31.64,816.0,2,1.15,1
51,Male,88.2,1.62,33.61,1027.0,4,1.56,3
29,Female,75.6,1.8,23.33,976.0,4,1.31,2
52,Female,57.9,1.56,23.79,1135.0,4,1.66,3
52,Female,70.6,1.58,28.28,753.0,3,1.02,2
18,Male,118.6,1.64,44.1,693.0,3,0.94,1
57,Male,55.7,1.99,14.07,705.0,3,1.13,2
39,Male,102.3,1.94,27.18,656.0,3,0.89,1
46,Male,72.6,1.87,20.76,1044.0,4,1.31,2
25,Female,63.8,1.68,22.6,784.0,2,0.95,1
28,Female,67.3,1.67,24.13,479.0,3,0.61,1
58,Female,59.3,1.58,23.75,1463.0,4,1.97,3
54,Female,70.7,1.57,28.68,836.0,3,1.14,1
31,Male,86.9,1.69,30.43,1230.0,4,1.72,3
47,Male,98.2,1.9,27.2,557.0,3,0.76,1
52,Male,63.6,1.62,24.23,965.0,4,1.3,2
38,Female,45.2,1.68,16.01,727.0,3,1.01,2
54,Male,117.2,1.62,44.66,736.0,4,1.04,2
22,Male,107.4,1.74,35.47,1017.0,2,1.34,1
36,Female,59.1,1.78,18.65,514.0,2,0.85,1
31,Female,53.3,1.64,19.82,402.0,3,0.57,1
43,Male,46.2,1.63,17.39,812.0,2,1.18,1
21,Male,67.0,1.61,25.85,1104.0,3,1.32,2
42,Male,86.3,1.77,27.55,1113.0,4,1.77,3
59,Male,85.5,1.67,30.66,1418.0,5,1.99,3
42,Male,70.2,1.87,20.07,1127.0,3,1.38,2
35,Male,127.1,1.62,48.43,718.0,4,1.02,2
57,Female,75.6,1.67,27.11,723.0,3,1.05,2
25,Female,62.6,1.65,22.99,852.0,3,1.2,1
56,Female,55.7,1.53,23.79,1066.0,5,1.91,3
57,Male,96.1,1.74,31.74,862.0,3,1.21,2
31,Female,76.7,1.62,29.23,883.0,4,1.39,2
49,Male,57.2,1.89,16.01,762.0,2,1.14,1
55,Male,69.9,1.81,21.34,992.0,4,1.2,2
50,Female,67.9,1.77,21.67,760.0,3,1.03,2
40,Male,87.9,1.87,25.14,1445.0,5,1.96,3
32,Male,102.8,1.98,26.22,818.0,3,1.24,2
50,Female,51.8,1.5,23.02,838.0,3,1.32,1
42,Female,57.7,1.57,23.41,1005.0,4,1.83,3
34,Female,66.5,1.69,23.28,636.0,3,0.81,1
50,Male,95.4,1.61,36.8,764.0,4,1.16,2
19,Female,69.2,1.6,27.03,907.0,3,1.17,1
31,Female,66.6,1.67,23.88,699.0,4,1.02,2
57,Male,83.4,1.65,30.63,1290.0,4,1.57,3
57,Female,43.8,1.75,14.3,1001.0,2,1.39,1
56,Female,64.2,1.69,22.48,1227.0,5,1.99,3
23,Female,44.1,1.62,16.8,354.0,2,0.58,1
23,Male,87.3,1.91,23.93,1327.0,5,1.87,3
20,Male,55.0,1.6,21.48,1035.0,4,1.12,2
24,Male,87.1,1.74,28.77,1364.0,4,1.57,3
25,Male,66.6,1.61,25.69,1260.0,2,1.38,1
59,Female,60.4,1.76,19.5,929.0,5,1.72,3
32,Male,126.4,1.83,37.74,883.0,3,1.1,2
46,Male,88.7,1.63,33.38,542.0,2,0.75,1
